,Column,Indicator type,Description
Geography,Data_Zone,Code,2011 Data Zone
Geography,Intermediate_Zone,Name,2011 Intermediate Zone name
Geography,Council_area,Name,Council area name
Population,Total_population,Count,2017 NRS small area population estimates
Population,Working_age_population,Count,2017 NRS small area population estimates and state pension age
Income,Income_rate,Percentage,Percentage of people who are income deprived
Income,Income_count,Count,Number of people who are income deprived
Employment,Employment_rate,Percentage,Percentage of people who are employment deprived
Employment,Employment_count,Count,Number of people who are employment deprived
Health,CIF,Standardised ratio,Comparative Illness Factor: standardised ratio
Health,ALCOHOL,Standardised ratio,Hospital stays related to alcohol use: standardised ratio
Health,DRUG,Standardised ratio,Hospital stays related to drug use: standardised ratio 
Health,SMR,Standardised ratio,Standardised mortality ratio
Health,DEPRESS,Percentage,"Proportion of population being prescribed drugs for anxiety, depression or psychosis"
Health,LBWT,Percentage,Proportion of live singleton births of low birth weight
Health,EMERG,Standardised ratio,Emergency stays in hospital: standardised ratio
"Education, Skills and Training",Attendance,Percentage,School pupil attendance 
"Education, Skills and Training",Attainment,Score,Attainment of school leavers 
"Education, Skills and Training",no_qualifications,Standardised ratio,Working age people with no qualifications: standardised ratio 
"Education, Skills and Training",not_participating,Percentage,"Proportion of people aged 16-19 not participating in education, employment or training"
"Education, Skills and Training",University,Percentage,Proportion of 17-21 year olds entering university
Geographic Access to Services,drive_petrol,Time (minutes),Average drive time to a petrol station in minutes
Geographic Access to Services,drive_GP,Time (minutes),Average drive time to a GP surgery in minutes
Geographic Access to Services,drive_PO,Time (minutes),Average drive time to a post office in minutes
Geographic Access to Services,drive_primary,Time (minutes),Average drive time to a primary school in minutes
Geographic Access to Services,drive_retail,Time (minutes),Average drive time to a retail centre in minutes
Geographic Access to Services,drive_secondary,Time (minutes),Average drive time to a secondary school in minutes
Geographic Access to Services,PT_GP,Time (minutes),Public transport travel time to a GP surgery in minutes
Geographic Access to Services,PT_Post,Time (minutes),Public transport travel time to a post office in minutes
Geographic Access to Services,PT_retail,Time (minutes),Public transport travel time to a retail centre in minutes
Geographic Access to Services,broadband,Percentage,Percentage of premises without access to superfast broadband (at least 30Mb/s download speed)
Crime,crime_count,Count,"Number of recorded crimes of violence, sexual offences, domestic housebreaking, vandalism, drugs offences, and common assault"
Crime,crime_rate,"Rate per 10,000 population","Recorded crimes of violence, sexual offences, domestic housebreaking, vandalism, drugs offences, and common assault per 10,000 people"
Housing,overcrowded_count,Count,Number of people in households that are overcrowded 
Housing,nocentralheat_count,Count,Number of people in households without central heating
Housing,overcrowded_rate,Percentage,Percentage of people in households that are overcrowded 
Housing,nocentralheat_rate,Percentage,Percentage of people in households without central heating
